freq,unit,isced11,geo\TIME_PERIOD	2004 	2005 	2006 	2007 	2008 	2009 	2010 	2011 	2012 	2013 	2014 	2015 	2016 	2017 	2018 	2019 	2020 	2021 	2022 
A,PC,ED0-4,AT	63.2 be	66.0 be	64.9 be	63.4 be	67.1 e	59.7 e	62.2 e	68.2 b	67.6 	66.3 	40.8 b	42.3 e	38.2 e	36.8 e	37.5 	36.0 	37.8 	36.6 b	32.8 
A,PC,ED0-4,BE	29.8 e	32.9 be	34.8 e	37.3 e	38.9 be	36.2 e	34.2 e	30.3 be	29.9 	27.0 	24.6 be	23.8 	23.8 	22.7 b	23.1 	23.2 	22.2 	20.6 b	18.7 
A,PC,ED0-4,BG	56.4 e	55.0 be	56.9 be	54.1 e	52.4 be	52.2 e	52.3 be	40.8 be	37.4 e	35.1 e	31.1 be	35.1 e	32.2 e	32.8 e	31.2 e	29.1 e	25.8 e	23.9 be	23.8 e
A,PC,ED0-4,CH	: 	: 	: 	: 	: 	: 	: 	44.0 be	41.8 	40.2 	41.9 be	40.4 	38.8 	35.7 	34.3 	34.4 	34.0 	33.8 be	32.7 
A,PC,ED0-4,CY	39.6 e	33.7 be	31.2 e	29.1 e	33.0 e	34.7 be	33.3 e	23.1 be	18.7 e	22.6 e	25.4 be	25.8 e	24.5 e	17.6 e	14.7 e	16.1 e	18.0 e	16.4 be	15.2 e
A,PC,ED0-4,CZ	73.9 e	70.1 be	69.8 e	70.3 e	70.6 e	65.1 e	62.1 be	48.7 be	49.4 e	48.6 e	47.5 be	43.7 e	43.6 e	43.1 	45.7 e	47.0 e	43.3 e	41.8 be	44.2 e
A,PC,ED0-4,DE	48.3 e	51.4 be	52.5 be	53.1 e	52.5 e	50.7 e	51.8 be	53.1 be	53.6 b	53.9 	53.1 b	51.8 	50.3 	49.8 	49.7 	48.7 	49.1 b	46.1 b	45.9 
A,PC,ED0-4,DK	50.1 e	48.7 be	45.0 e	52.2 be	53.1 be	51.3 e	50.3 e	51.0 be	50.5 e	50.3 e	47.1 be	47.1 e	43.5 be	42.1 be	42.7 e	43.3 e	42.4 e	41.5 be	41.0 e
A,PC,ED0-4,EE	52.1 e	47.2 be	40.4 e	47.6 e	45.7 e	49.2 e	47.0 e	43.9 b	43.1 	44.9 e	44.0 b	41.9 	42.8 e	42.9 e	40.9 e	43.1 	41.2 e	40.4 be	41.1 e
A,PC,ED0-4,EL	47.1 be	46.4 be	44.7 e	43.1 e	43.4 e	43.4 be	41.0 e	34.0 be	33.7 e	31.9 e	31.1 be	34.5 e	35.9 e	31.5 e	28.4 e	28.3 e	31.9 e	27.6 be	27.4 e
A,PC,ED0-4,ES	31.9 e	31.8 be	28.6 be	27.9 e	27.1 e	26.1 e	25.6 e	21.5 be	20.7 e	19.6 e	19.7 be	19.8 e	20.0 e	19.2 e	17.7 e	17.5 e	16.9 e	17.8 bde	17.0 de
A,PC,ED0-4,EU27_2020	52.9 e	52.4 be	51.5 e	51.6 e	51.4 e	49.0 e	48.3 e	44.9 be	44.7 e	43.4 e	41.3 be	40.1 e	39.3 e	37.9 e	37.5 e	36.3 e	36.0 e	34.9 be	34.6 e
A,PC,ED0-4,FI	47.6 e	48.8 be	47.1 e	45.5 be	46.3 be	41.6 e	41.7 e	40.2 b	39.5 	36.3 	35.5 b	35.1 	35.5 	36.9 	36.8 e	34.3 	31.2 	36.1 b	38.1 e
A,PC,ED0-4,FR	48.6 e	45.0 be	43.2 be	44.1 e	45.6 e	40.8 e	39.7 e	28.6 be	26.6 e	25.5 b	26.0 b	23.8 	22.9 	19.9 	19.9 	18.7 	19.1 	18.3 bde	18.1 d
A,PC,ED0-4,HR	50.4 u	50.0 bu	53.2 bu	56.0 e	52.0 e	50.9 e	44.2 be	44.9 be	48.5 e	46.4 e	37.8 be	41.7 e	47.4 e	45.3 e	39.9 e	42.3 e	43.0 e	38.8 be	34.7 e
A,PC,ED0-4,HU	66.2 e	65.9 be	62.3 e	62.1 e	62.4 e	59.9 e	59.9 e	44.7 be	42.9 e	41.1 e	35.6 be	34.1 e	34.5 e	36.4 	35.6 e	36.7 e	34.8 e	30.1 be	33.2 e
A,PC,ED0-4,IE	34.1 e	34.4 be	31.4 e	29.1 be	28.1 e	26.8 e	24.7 e	21.4 be	19.0 e	17.6 e	19.6 be	18.7 e	17.2 e	16.3 be	17.2 e	18.4 e	16.5 e	17.9 be	17.2 e
A,PC,ED0-4,IS	: 	: 	: 	: 	: 	: 	: 	46.9 be	49.6 e	48.5 e	43.4 be	48.9 e	40.8 e	39.0 e	40.4 e	33.3 e	32.0 be	33.1 be	30.4 e
A,PC,ED0-4,IT	80.4 be	77.2 be	75.8 e	74.2 e	73.5 e	74.2 e	73.9 e	71.7 be	71.1 e	68.4 e	66.8 be	65.6 e	66.0 e	64.6 e	65.0 e	62.8 e	60.4 e	58.7 be	60.4 e
A,PC,ED0-4,LT	36.4 u	42.7 bu	50.4 u	41.6 u	37.4 u	32.3 u	22.4 u	25.8 bu	22.9 u	24.4 e	23.9 be	20.2 e	20.0 e	17.1 e	18.3 e	16.7 e	14.9 e	15.8 be	21.3 e
A,PC,ED0-4,LU	46.9 e	38.9 be	50.3 e	47.7 be	42.0 e	36.5 be	32.3 e	34.7 be	28.8 e	30.4 e	27.2 be	25.6 be	22.4 e	23.0 e	27.3 e	20.7 e	22.9 e	23.2 be	22.4 e
A,PC,ED0-4,LV	60.4 e	62.9 be	67.4 e	57.4 e	54.2 e	50.6 e	48.0 e	40.1 be	39.9 e	40.2 e	43.6 be	37.6 e	31.6 e	33.9 e	39.6 e	38.4 e	33.8 e	34.0 be	36.3 e
A,PC,ED0-4,ME	: 	: 	: 	: 	: 	: 	: 	41.7 bu	36.2 u	32.2 u	37.5 bu	34.6 u	41.1 e	38.9 e	33.8 u	27.6 u	41.4 e	: 	: 
A,PC,ED0-4,MK	: 	: 	: 	: 	: 	: 	: 	51.8 be	51.0 e	54.6 e	46.4 be	41.9 e	40.2 e	37.5 e	32.3 e	37.8 e	40.0 e	: 	: 
A,PC,ED0-4,MT	76.1 be	80.3 be	82.0 e	69.4 e	68.4 e	72.8 e	68.7 e	47.0 be	48.8 e	55.1 e	48.1 be	43.2 e	45.4 e	45.5 e	40.0 e	44.6 e	42.9 e	38.1 be	47.9 e
A,PC,ED0-4,NL	46.9 e	47.1 b	47.2 b	49.7 e	45.3 	45.8 	44.1 	46.0 be	45.2 	42.3 b	41.8 b	41.2 	40.3 	39.4 	38.6 	36.8 b	36.3 	38.8 b	37.9 
A,PC,ED0-4,NO	: 	: 	: 	: 	: 	: 	: 	46.5 be	45.2 e	41.7 e	40.4 be	37.9 e	35.8 e	37.3 e	37.1 e	37.0 e	35.9 e	33.0 be	30.5 e
A,PC,ED0-4,PL	51.6 be	48.4 be	47.6 e	49.3 e	50.5 e	44.0 e	41.8 be	37.6 be	35.8 e	34.2 e	29.8 be	28.4 e	30.4 e	29.6 e	27.3 e	26.4 e	27.6 e	28.1 be	27.0 e
A,PC,ED0-4,PT	69.7 be	68.2 be	66.8 e	65.9 e	66.0 e	61.1 e	59.2 e	58.1 be	57.4 e	59.2 e	49.9 be	47.4 e	47.7 e	48.5 e	45.5 e	40.5 e	39.2 e	39.2 be	36.1 e
A,PC,ED0-4,RO	: 	58.9 be	55.5 e	55.0 e	51.7 e	51.3 e	52.5 be	36.6 be	39.0 e	32.9 e	32.7 be	30.2 e	30.1 e	32.0 e	30.7 e	25.7 e	23.7 e	23.4 be	22.8 e
A,PC,ED0-4,RS	: 	: 	: 	: 	: 	: 	: 	: 	: 	51.4 e	53.7 be	40.2 e	41.3 e	41.9 e	43.2 e	42.2 e	42.5 e	43.6 be	37.1 e
A,PC,ED0-4,SE	62.4 e	61.2 be	58.9 be	58.2 e	55.7 e	53.9 e	53.6 e	49.7 b	50.2 	49.5 	48.2 b	46.9 	43.4 	41.1 	40.3 be	40.7 e	41.3 e	37.4 b	34.1 
A,PC,ED0-4,SI	64.8 e	60.5 be	60.3 e	56.7 e	59.1 e	56.1 e	58.5 e	51.5 be	49.7 e	49.5 e	46.3 be	44.0 e	43.6 e	35.7 e	39.4 e	39.4 e	35.8 e	35.3 be	35.3 e
A,PC,ED0-4,SK	67.1 e	66.8 be	69.1 e	68.3 e	69.7 e	61.9 e	59.8 e	45.5 be	43.4 e	48.2 	39.9 be	38.5 e	41.5 e	37.8 e	35.7 e	30.7 e	34.1 e	36.7 be	34.0 
A,PC,ED0-4,TR	: 	: 	: 	: 	: 	: 	: 	63.6 be	52.2 be	47.4 e	42.3 be	40.7 e	38.2 e	40.7 e	37.1 e	35.7 e	37.3 e	: 	: 
A,PC,ED0-4,UK	: 	: 	: 	: 	: 	: 	: 	38.3 be	38.3 e	35.5 e	35.0 be	34.3 e	34.9 e	33.5 e	34.4 e	32.4 e	: 	: 	: 
A,PC,ED5-8,AT	36.8 be	34.0 be	35.1 be	36.6 be	32.9 e	40.3 e	37.8 e	31.8 b	32.4 	33.7 e	59.2 b	57.7 	61.8 	63.2 	62.5 	64.0 	62.2 	63.4 b	67.2 
A,PC,ED5-8,BE	70.2 e	67.0 be	65.2 e	62.7 e	61.1 be	63.8 e	65.8 e	69.7 be	70.1 	73.0 	75.4 b	76.2 	76.2 	77.3 b	76.9 	76.8 	77.8 	79.4 b	81.3 
A,PC,ED5-8,BG	43.6 e	45.0 be	43.1 be	45.9 e	47.6 be	47.8 e	47.7 be	59.2 be	62.6 e	64.9 e	68.9 be	64.9 e	67.8 e	67.2 e	68.8 e	70.9 	74.2 	76.1 b	76.2 
A,PC,ED5-8,CH	: 	: 	: 	: 	: 	: 	: 	55.4 b	58.0 	59.6 	57.9 b	59.4 	61.0 	64.2 e	65.5 	65.4 	65.8 	65.8 b	66.7 
A,PC,ED5-8,CY	60.4 e	66.3 be	68.8 e	70.9 e	67.0 e	65.3 be	66.7 e	76.9 be	81.3 e	77.4 e	74.6 be	74.2 	75.5 	82.4 	85.3 	83.9 	82.0 	83.6 b	84.8 
A,PC,ED5-8,CZ	26.0 e	29.9 be	30.2 e	29.7 e	29.4 e	34.9 e	37.8 be	51.3 b	50.6 	51.4 	52.4 b	56.3 	56.4 	56.9 	54.3 	53.0 	56.7 	58.2 b	55.8 
A,PC,ED5-8,DE	47.0 e	48.6 be	47.5 be	46.9 e	47.3 e	49.1 e	48.1 be	46.8 be	46.4 b	46.0 	46.8 b	48.1 	49.6 	50.1 	50.2 	51.2 	50.5 b	53.9 b	54.1 
A,PC,ED5-8,DK	49.3 e	50.9 be	54.9 e	45.8 be	45.1 be	46.1 e	47.4 e	47.0 be	47.8 e	46.5 e	51.6 be	51.9 e	54.4 be	55.9 be	56.4 e	55.8 e	57.0 e	58.3 b	58.8 
A,PC,ED5-8,EE	47.9 u	52.8 be	59.6 e	52.4 e	54.3 e	50.8 e	53.0 e	55.5 be	56.9 	55.1 e	55.9 be	58.1 e	57.2 e	57.1 	59.1 	56.9 e	58.8 e	59.6 b	58.9 
A,PC,ED5-8,EL	52.9 be	53.6 be	55.3 e	56.9 e	56.6 e	56.6 be	59.0 e	66.0 be	66.3 e	68.1 e	68.9 be	65.5 e	64.1 e	68.5 e	71.6 e	71.7 e	68.1 e	72.4 b	72.6 
A,PC,ED5-8,ES	68.1 e	68.2 be	71.4 be	72.1 e	72.9 e	73.9 e	74.4 e	78.5 be	79.3 e	80.4 e	80.3 be	80.2 e	80.0 e	80.8 e	82.3 e	82.5 e	83.1 e	82.2 bd	83.0 d
A,PC,ED5-8,EU27_2020	46.0 e	47.5 be	48.4 e	48.3 e	48.5 e	50.8 e	51.6 e	55.0 be	55.2 e	56.4 e	58.5 be	59.8 e	60.5 e	61.9 e	62.3 e	63.5 e	63.8 e	64.9 be	65.2 e
A,PC,ED5-8,FI	52.4 e	51.2 be	52.9 e	54.5 be	53.7 be	58.4 e	58.3 e	59.8 b	60.5 	63.7 	64.5 b	64.9 	64.5 	63.1 	63.2 	65.7 	68.8 	63.9 b	61.9 
A,PC,ED5-8,FR	51.4 e	54.9 be	56.8 be	55.9 e	54.4 e	59.2 e	60.3 e	71.4 be	73.4 e	74.4 b	74.0 b	76.0 	77.1 	80.0 	79.9 	81.0 	80.7 	81.0 bd	81.4 d
A,PC,ED5-8,HR	49.6 u	50.0 bu	46.8 bu	44.0 e	48.0 e	49.1 e	55.8 be	55.1 be	50.5 e	52.0 e	62.2 be	58.3 e	52.6 e	54.7 e	60.1 e	57.7 e	57.0 e	61.2 be	65.3 e
A,PC,ED5-8,HU	33.8 e	34.1 be	37.7 e	37.9 e	37.6 e	40.1 e	40.1 e	55.3 b	57.1 	58.9 	64.4 b	65.9 	65.5 	63.6 	64.4 	63.3 e	65.2 e	69.9 be	66.8 e
A,PC,ED5-8,IE	63.8 e	63.4 be	65.6 e	67.7 be	69.0 e	69.4 e	71.4 e	77.0 be	79.6 e	80.1 e	77.1 be	78.3 e	79.8 e	81.6 be	80.5 e	79.3 e	81.6 e	80.4 be	81.3 e
A,PC,ED5-8,IS	: 	: 	: 	: 	: 	: 	: 	52.1 be	50.1 e	51.4 e	56.6 be	50.8 e	59.2 e	61.0 e	59.6 e	66.7 e	68.0 be	66.9 be	69.6 e
A,PC,ED5-8,IT	19.6 be	22.8 be	24.2 e	25.8 e	26.5 e	25.8 e	26.1 e	28.3 be	28.9 e	31.6 e	33.2 be	34.4 e	34.0 e	35.4 e	35.0 e	37.2 e	39.6 e	41.3 be	39.6 e
A,PC,ED5-8,LT	63.6 u	57.3 bu	49.6 u	58.4 u	62.6 u	67.7 e	77.6 e	74.2 be	77.1 	75.6 e	76.1 b	79.8 e	80.0 	82.9 	81.7 	83.3 e	85.1 	84.2 b	78.7 
A,PC,ED5-8,LU	53.1 e	61.1 be	49.7 e	52.3 be	58.0 e	60.5 be	63.5 e	64.7 b	70.8 	69.2 	72.2 b	71.2 b	68.7 	55.3 e	71.4 e	77.4 e	76.0 	75.7 b	74.3 
A,PC,ED5-8,LV	39.6 e	37.1 be	32.6 e	42.3 e	45.8 e	49.3 e	52.0 e	59.9 be	60.1 e	59.8 e	56.4 be	62.0 e	68.1 e	66.1 e	60.4 e	61.6 e	65.9 e	66.0 be	63.7 
A,PC,ED5-8,ME	: 	: 	: 	: 	: 	: 	: 	58.3 be	63.8 e	67.8 e	62.5 be	65.4 e	58.9 e	61.1 e	66.2 e	72.4 e	58.6 e	: 	: 
A,PC,ED5-8,MK	: 	: 	: 	: 	: 	: 	: 	48.2 be	49.0 	45.4 	53.6 be	58.1 	59.8 e	62.5 e	67.7 e	62.2 	60.0 e	: 	: 
A,PC,ED5-8,MT	23.9 bu	19.7 be	18.0 e	30.6 e	31.6 e	27.2 e	31.3 e	53.0 be	51.2 e	44.9 	51.9 b	56.8 e	54.6 e	54.5 e	60.0 	55.4 	57.1 e	61.9 be	52.1 
A,PC,ED5-8,NL	52.3 	52.6 be	52.3 be	49.8 	54.4 	53.9 e	55.4 e	53.2 be	53.7 	56.5 b	57.7 b	58.3 	58.9 	60.1 	60.8 	62.0 b	62.7 	60.5 b	61.5 
A,PC,ED5-8,NO	: 	: 	: 	: 	: 	: 	: 	53.4 b	54.5 	57.6 	59.3 be	62.1 e	64.2 e	62.7 e	62.9 e	63.0 e	63.7 e	66.4 be	69.1 
A,PC,ED5-8,PL	48.4 be	51.6 be	52.4 e	50.7 e	49.5 e	56.0 e	58.2 be	62.4 b	64.2 	65.8 	70.2 b	71.6 e	69.6 e	70.4 	72.7 	73.6 	72.4 e	71.9 b	73.0 
A,PC,ED5-8,PT	30.3 be	31.8 be	33.2 e	34.1 e	34.0 e	38.9 e	40.8 e	41.9 be	42.6 e	40.8 e	50.1 be	52.6 e	52.3 e	51.5 e	54.5 e	59.5 e	60.8 e	60.8 b	63.9 
A,PC,ED5-8,RO	: 	41.1 be	44.5 e	45.0 e	48.3 e	48.7 e	47.5 be	63.4 be	61.0 e	67.1 e	67.3 b	69.8 	69.9 	68.0 	69.3 	74.3 e	76.3 	76.6 be	77.2 e
A,PC,ED5-8,RS	: 	: 	: 	: 	: 	: 	: 	: 	: 	48.6 e	46.3 b	59.8 e	58.7 e	58.1 	56.8 	57.8 e	57.5 e	56.4 b	62.9 
A,PC,ED5-8,SE	37.3 e	38.4 be	40.8 be	41.5 e	44.0 e	45.8 e	46.2 e	49.9 b	49.7 	50.4 	51.7 b	52.5 	56.4 	58.5 	59.3 be	59.0 e	58.3 e	62.3 b	65.3 e
A,PC,ED5-8,SI	35.2 e	39.5 be	39.7 e	43.3 e	40.9 e	43.9 e	41.5 e	48.5 b	50.3 	50.5 e	53.7 b	56.0 e	56.4 	64.3 	60.6 e	60.6 e	64.2 e	64.7 b	64.7 
A,PC,ED5-8,SK	32.9 e	33.2 be	30.9 e	31.7 e	30.3 e	38.1 e	40.2 e	54.5 b	56.6 	51.8 e	60.1 be	61.5 	58.5 	62.2 	64.3 e	69.3 	65.9 	63.3 b	66.0 e
A,PC,ED5-8,TR	: 	: 	: 	: 	: 	: 	: 	36.4 be	47.8 be	52.6 e	57.7 be	59.3 e	61.8 e	59.3 e	62.9 e	64.3 e	62.7 e	: 	: 
A,PC,ED5-8,UK	: 	: 	: 	: 	: 	: 	: 	60.9 be	61.1 e	63.6 e	64.0 be	64.6 e	65.0 e	66.5 e	65.4 e	67.6 e	: 	: 	: 
A,PC,NRP,BE	: 	: bu	: 	: 	: 	: 	: 	: 	: 	: 	: 	: 	: 	: 	: 	: 	: 	: 	: 
A,PC,NRP,CH	: 	: 	: 	: 	: 	: 	: 	0.6 bu	: u	: u	: bu	: u	: u	: u	: u	: u	: u	0.4 bu	0.6 u
A,PC,NRP,CZ	: u	: 	: 	: 	: 	: 	: bu	: 	: 	: 	: 	: 	: 	: u	: u	: 	: 	: 	: 
A,PC,NRP,DE	4.7 e	: bu	: bu	: 	: u	: u	: bu	: bu	: bu	: u	: bu	: u	: u	: u	: u	: u	: bu	: bu	: u
A,PC,NRP,DK	: u	: bu	: u	2.0 bu	1.8 bu	2.6 u	2.3 u	2.0 bu	1.7 u	3.3 e	: bu	: u	2.1 bu	2.0 bu	: u	: u	: u	: bu	: u
A,PC,NRP,EE	: 	: 	: 	: 	: 	: 	: 	: bu	: 	: 	: 	: 	: 	: 	: 	: 	: 	: 	: 
A,PC,NRP,EU27_2020	1.1 e	0.1 be	0.1 e	0.1 e	0.1 e	0.2 e	0.1 e	0.2 be	0.2 e	0.2 e	0.1 be	0.2 e	0.2 e	0.2 e	0.2 e	0.2 e	0.2 e	0.2 be	0.2 e
A,PC,NRP,FI	: 	: 	: 	: 	: 	: 	: 	: 	: 	: 	: 	: 	: u	: 	: 	: 	: 	: 	: 
A,PC,NRP,FR	: 	: 	: 	: 	: 	: 	: 	: 	: 	0.1 bu	: bu	0.2 u	0.1 u	: u	: u	: u	: u	0.7 bdu	0.5 du
A,PC,NRP,HR	: 	: 	: 	: 	: 	: 	: 	: 	: u	: u	: 	: 	: 	: 	: 	: 	: 	: 	: 
A,PC,NRP,IE	: u	: bu	3.1 u	3.1 bu	2.9 u	3.8 u	4.0 e	: bu	: u	2.3 u	3.3 be	3.0 u	3.0 e	2.1 bu	2.3 u	: u	: u	: bu	: u
A,PC,NRP,IS	: 	: 	: 	: 	: 	: 	: 	: bu	: u	: 	: 	: u	: 	: 	: 	: 	: 	: 	: 
A,PC,NRP,LU	: 	: 	: 	: 	: 	: bu	: u	: bu	: u	: u	: bu	: bu	8.9 e	21.7 e	: u	: u	: u	: bu	3.3 u
A,PC,NRP,LV	: 	: 	: 	: 	: 	: 	: 	: 	: 	: 	: 	: u	: 	: 	: 	: 	: u	: 	: 
A,PC,NRP,NL	0.8 u	: bu	: bu	: u	: u	: u	0.5 u	0.8 be	1.1 e	1.2 be	0.5 bu	0.5 u	0.7 e	0.5 u	0.6 e	1.2 be	1.0 e	0.7 be	0.6 e
A,PC,NRP,NO	: 	: 	: 	: 	: 	: 	: 	: 	: u	0.7 u	: 	: 	: 	: 	: 	: 	: u	: bu	: u
A,PC,NRP,SE	: u	: bu	: bu	: u	: u	: u	: u	: bu	: u	: u	: bu	0.5 u	: u	0.4 u	: bu	: u	: u	: bu	: u
A,PC,NRP,UK	: 	: 	: 	: 	: 	: 	: 	0.8 be	0.7 e	0.9 e	1.0 be	1.1 e	: u	: u	: u	: u	: 	: 	: 
A,THS_PER,ED0-4,AT	67.5 be	76.9 be	81.9 be	81.8 be	89.8 e	83.7 e	88.0 e	98.9 b	99.4 	101.5 	60.9 b	70.6 e	68.3 e	69.2 e	71.8 	66.5 	73.2 	70.5 b	72.4 
A,THS_PER,ED0-4,BE	43.1 e	48.8 be	54.9 e	67.1 e	68.3 be	66.4 e	68.5 e	55.1 be	58.2 	51.1 	47.4 be	44.8 	46.1 	51.9 b	56.5 	55.3 	53.5 	56.0 b	51.8 
A,THS_PER,ED0-4,BG	36.7 e	37.0 be	42.5 be	43.4 e	43.2 be	41.3 e	39.9 be	27.2 be	27.0 e	26.3 e	23.1 be	31.0 e	29.5 e	31.4 e	32.3 e	29.5 e	26.6 e	25.9 be	28.8 e
A,THS_PER,ED0-4,CH	: 	: 	: 	: 	: 	: 	: 	81.1 be	85.3 	83.5 	89.6 be	87.1 	88.2 	79.7 	80.2 	88.4 	86.4 	86.6 be	87.5 
A,THS_PER,ED0-4,CY	3.0 e	2.7 be	2.6 e	3.0 e	3.3 e	3.3 be	3.3 e	2.3 be	1.8 e	2.3 e	2.6 be	2.5 e	2.5 e	2.0 e	1.9 e	1.9 e	2.3 e	2.7 be	3.1 e
A,THS_PER,ED0-4,CZ	118.1 e	123.7 be	131.3 e	147.6 e	161.2 e	146.8 e	140.3 be	83.1 be	81.1 e	88.7 e	88.0 be	77.5 e	82.3 e	81.5 	96.7 e	100.6 e	95.2 e	100.6 be	103.0 e
A,THS_PER,ED0-4,DE	598.2 e	689.1 be	713.1 be	735.6 e	753.1 e	732.3 e	772.7 be	641.6 be	724.8 b	752.6 	752.8 b	759.5 	775.1 	774.5 	806.9 	821.4 	949.7 b	927.4 b	969.4 
A,THS_PER,ED0-4,DK	60.1 e	55.5 be	57.4 e	67.6 be	72.0 be	66.1 e	64.8 e	58.6 be	62.8 e	63.8 e	56.9 be	57.2 e	58.1 be	58.5 be	59.7 e	63.8 e	64.1 e	67.1 be	70.2 e
A,THS_PER,ED0-4,EE	10.2 e	7.4 be	7.9 e	10.7 e	11.2 e	11.4 e	11.0 e	9.2 b	10.1 	11.7 e	10.9 b	11.2 	14.1 e	14.7 e	14.6 e	16.5 	16.6 e	16.3 be	18.3 e
A,THS_PER,ED0-4,EL	58.9 be	58.2 be	56.8 e	56.6 e	56.2 e	56.4 be	53.6 e	24.3 be	22.7 e	22.0 e	18.2 be	19.5 e	23.4 e	23.4 e	23.5 e	22.3 e	25.1 e	25.7 be	28.5 e
A,THS_PER,ED0-4,ES	172.5 e	185.1 be	178.4 be	187.0 e	182.3 e	167.0 e	168.8 e	124.6 be	116.5 e	109.4 e	110.7 be	112.7 e	123.2 e	126.1 e	123.0 e	128.6 e	125.6 e	143.6 bde	148.6 de
A,THS_PER,ED0-4,EU27_2020	3040.2 e	3219.1 be	3328.1 e	3438.0 e	3513.2 e	3352.7 e	3315.4 e	2554.0 be	2656.9 e	2669.3 e	2616.7 be	2626.3 e	2721.9 e	2725.6 e	2844.6 e	2853.0 e	3034.2 e	3115.7 be	3243.2 e
A,THS_PER,ED0-4,FI	58.9 e	63.6 be	63.9 e	63.2 be	63.9 be	56.7 e	58.7 e	56.9 b	59.8 	56.5 	54.3 b	54.7 	57.0 	61.2 	62.4 e	59.9 	59.8 	67.8 b	75.5 e
A,THS_PER,ED0-4,FR	482.6 e	463.3 be	461.8 be	454.7 e	477.0 e	435.3 e	424.8 e	201.4 be	183.8 e	195.9 b	221.8 b	215.9 	221.6 	203.1 	210.9 	211.9 	233.3 	227.6 bde	220.1 d
A,THS_PER,ED0-4,HR	13.2 u	14.7 bu	16.7 bu	20.2 e	21.6 e	20.5 e	16.5 be	17.9 be	19.0 e	18.2 e	16.3 be	18.5 e	24.9 e	24.4 e	23.3 e	22.9 e	26.7 e	23.2 be	22.1 e
A,THS_PER,ED0-4,HU	113.2 e	107.1 be	105.4 e	104.5 e	106.0 e	94.7 e	96.3 e	45.8 be	53.2 e	56.4 e	51.5 be	52.1 e	54.7 e	57.4 	59.1 e	56.2 e	59.4 e	54.7 be	64.4 e
A,THS_PER,ED0-4,IE	24.6 e	24.7 be	23.0 e	24.0 be	23.0 e	21.6 e	20.2 e	19.1 be	17.1 e	16.2 e	18.5 be	17.9 e	18.2 e	17.7 be	18.5 e	20.9 e	21.5 e	26.8 be	27.2 e
A,THS_PER,ED0-4,IS	: 	: 	: 	: 	: 	: 	: 	2.8 be	2.8 e	3.2 e	3.1 be	3.9 e	3.5 e	3.6 e	3.7 e	2.9 e	3.0 be	2.6 be	2.7 e
A,THS_PER,ED0-4,IT	519.9 be	511.9 be	527.7 e	521.0 e	528.7 e	544.1 e	526.1 e	486.6 be	502.9 e	490.5 e	483.8 be	477.9 e	502.0 e	500.0 e	534.4 e	515.6 e	500.8 e	498.9 be	542.9 e
A,THS_PER,ED0-4,LT	9.6 u	9.6 bu	10.3 u	10.4 u	10.3 u	7.9 u	5.1 u	6.0 bu	5.6 u	5.9 e	5.5 be	5.7 e	6.9 e	6.3 e	6.9 e	7.0 e	6.6 e	8.3 be	13.2 e
A,THS_PER,ED0-4,LU	3.4 e	3.2 be	3.3 e	3.5 be	4.1 e	3.7 be	3.3 e	3.4 be	3.4 e	3.5 e	3.5 be	3.3 be	3.1 e	3.3 e	4.6 e	3.7 e	4.3 e	4.8 be	5.4 e
A,THS_PER,ED0-4,LV	16.9 e	18.9 be	18.9 e	16.6 e	16.3 e	12.8 e	11.6 e	8.7 be	7.7 e	8.7 e	9.9 be	9.4 e	7.6 e	8.5 e	9.1 e	10.8 e	10.9 e	11.3 be	14.3 e
A,THS_PER,ED0-4,ME	: 	: 	: 	: 	: 	: 	: 	1.5 bu	1.4 u	1.4 u	1.9 bu	1.8 u	1.9 e	2.1 e	1.6 u	1.3 u	2.3 e	: 	: 
A,THS_PER,ED0-4,MK	: 	: 	: 	: 	: 	: 	: 	4.5 be	4.4 e	4.9 e	4.9 be	5.2 e	5.2 e	4.5 e	4.0 e	5.8 e	7.6 e	: 	: 
A,THS_PER,ED0-4,MT	5.9 be	5.8 be	5.1 e	6.4 e	6.0 e	5.5 e	5.2 e	2.7 be	3.0 e	3.3 e	3.3 be	3.3 e	3.7 e	4.3 e	4.6 e	5.3 e	4.9 e	4.8 be	6.6 e
A,THS_PER,ED0-4,NL	154.1 e	146.4 b	142.8 b	149.5 e	142.4 	144.9 	144.1 	174.7 be	170.8 	163.8 b	164.9 b	170.6 	172.4 	170.9 	181.0 	185.9 b	191.4 	241.1 b	259.7 
A,THS_PER,ED0-4,NO	: 	: 	: 	: 	: 	: 	: 	51.5 be	51.4 e	49.3 e	48.4 be	44.9 e	40.0 e	45.6 e	45.5 e	46.8 e	49.1 e	49.2 be	44.8 e
A,THS_PER,ED0-4,PL	176.9 be	178.8 be	195.2 e	222.5 e	239.5 e	220.0 e	197.0 be	133.4 be	140.7 e	137.9 e	123.1 be	120.8 e	131.6 e	134.1 e	132.6 e	135.1 e	153.0 e	164.9 be	162.5 e
A,THS_PER,ED0-4,PT	79.4 be	82.6 be	87.8 e	91.0 e	86.5 e	84.9 e	83.5 e	52.7 be	54.5 e	61.8 e	68.3 be	62.1 e	65.4 e	64.9 e	66.8 e	69.0 e	73.1 e	88.3 be	79.3 e
A,THS_PER,ED0-4,RO	: 	72.7 be	102.8 e	108.8 e	102.7 e	98.0 e	84.8 be	45.7 be	54.4 e	45.2 e	45.8 be	48.7 e	50.5 e	59.3 e	58.5 e	50.8 e	48.1 e	47.8 be	49.2 e
A,THS_PER,ED0-4,RS	: 	: 	: 	: 	: 	: 	: 	: 	: 	22.0 e	27.0 be	22.9 e	25.7 e	27.0 e	29.6 e	31.6 e	33.8 e	40.9 be	36.6 e
A,THS_PER,ED0-4,SE	153.1 e	164.3 be	159.2 be	162.7 e	162.6 e	155.3 e	155.2 e	128.6 b	135.6 	132.3 	133.6 b	138.0 	135.1 	137.0 	140.1 be	146.7 e	157.1 e	152.5 b	153.0 
A,THS_PER,ED0-4,SI	19.4 e	20.5 be	21.2 e	19.0 e	21.7 e	20.6 e	21.2 e	17.1 be	15.3 e	15.1 e	14.9 be	14.6 e	14.1 e	12.9 e	15.4 e	15.2 e	15.2 e	16.4 be	15.8 e
A,THS_PER,ED0-4,SK	40.9 e	46.6 be	56.5 e	59.7 e	60.3 e	51.6 e	51.0 e	28.5 be	25.5 e	28.8 	26.2 be	26.3 e	30.8 e	26.9 e	29.5 e	29.6 e	36.2 e	40.5 be	38.0 
A,THS_PER,ED0-4,TR	: 	: 	: 	: 	: 	: 	: 	153.8 be	151.9 be	134.5 e	123.7 be	128.5 e	124.0 e	140.5 e	131.9 e	125.1 e	135.2 e	: 	: 
A,THS_PER,ED0-4,UK	: 	: 	: 	: 	: 	: 	: 	535.3 be	582.8 e	526.4 e	534.1 be	554.0 e	580.9 e	556.4 e	604.9 e	580.8 e	: 	: 	: 
A,THS_PER,ED5-8,AT	39.2 be	39.6 be	44.4 be	47.1 be	44.0 e	56.5 e	53.5 e	46.1 b	47.6 	51.6 e	88.4 b	96.5 	110.5 	118.7 	119.9 	118.1 	120.3 	122.1 b	148.2 
A,THS_PER,ED5-8,BE	101.4 e	99.4 be	102.8 e	113.0 e	107.4 be	117.1 e	132.1 e	126.8 be	136.7 	138.2 	145.1 b	143.6 	147.7 	176.7 b	188.4 	183.5 	187.3 	216.0 b	225.6 
A,THS_PER,ED5-8,BG	28.4 e	30.3 be	32.1 be	36.8 e	39.2 be	37.8 e	36.5 be	39.5 be	45.2 e	48.5 e	51.0 be	57.3 e	62.2 e	64.5 e	71.2 e	71.7 	76.7 	82.2 b	92.1 
A,THS_PER,ED5-8,CH	: 	: 	: 	: 	: 	: 	: 	101.9 b	118.2 	123.6 	123.8 b	128.0 	138.4 	143.4 e	153.0 	167.7 	167.3 	168.4 b	178.6 
A,THS_PER,ED5-8,CY	4.6 e	5.4 be	5.8 e	7.3 e	6.8 e	6.2 be	6.6 e	7.6 be	8.0 e	7.8 e	7.5 be	7.3 	7.7 	9.2 	11.1 	9.7 	10.5 	14.0 b	17.4 
A,THS_PER,ED5-8,CZ	41.6 e	52.7 be	56.9 e	62.2 e	67.1 e	78.8 e	85.4 be	87.4 b	83.2 	93.8 	97.1 b	99.8 	106.6 	107.6 	114.9 	113.6 	124.8 	140.1 b	130.1 
A,THS_PER,ED5-8,DE	581.7 e	651.7 be	644.7 be	649.9 e	679.5 e	708.8 e	717.7 be	565.6 be	627.7 b	643.5 	664.4 b	704.8 	764.0 	779.5 	814.2 	863.8 	977.1 b	1084.6 b	1144.2 
A,THS_PER,ED5-8,DK	59.2 e	57.9 be	70.0 e	59.3 be	61.2 be	59.4 e	61.0 e	54.0 be	59.4 e	59.0 e	62.2 be	63.0 e	72.8 be	77.6 be	78.9 e	82.1 e	86.2 e	94.4 b	100.7 
A,THS_PER,ED5-8,EE	9.4 u	8.3 be	11.6 e	11.8 e	13.3 e	11.8 e	12.4 e	11.6 be	13.3 	14.4 e	13.8 be	15.5 e	18.8 e	19.5 	21.1 	21.8 e	23.8 e	24.0 b	26.3 
A,THS_PER,ED5-8,EL	66.2 be	67.1 be	70.3 e	74.7 e	73.3 e	73.5 be	77.1 e	47.2 be	44.7 e	47.0 e	40.4 be	37.1 e	41.7 e	50.8 e	59.4 e	56.3 e	53.6 e	67.7 b	75.3 
A,THS_PER,ED5-8,ES	368.7 e	397.9 be	445.4 be	482.7 e	489.3 e	473.1 e	489.3 e	454.2 be	445.6 e	449.4 e	450.6 be	455.8 e	491.2 e	529.9 e	573.7 e	604.6 e	617.4 e	662.7 bd	728.1 d
A,THS_PER,ED5-8,EU27_2020	2648.1 e	2921.8 be	3130.4 e	3220.0 e	3310.9 e	3477.7 e	3541.8 e	3126.1 be	3282.9 e	3467.6 e	3708.0 be	3918.1 e	4185.4 e	4444.2 e	4723.0 e	4993.6 e	5373.4 e	5801.7 be	6118.3 e
A,THS_PER,ED5-8,FI	64.8 e	66.9 be	71.6 e	75.7 be	74.3 be	79.7 e	82.0 e	84.6 b	91.5 	99.3 	98.7 b	101.2 	103.6 	104.8 	107.1 	114.6 	131.7 	120.1 b	122.6 
A,THS_PER,ED5-8,FR	511.2 e	564.9 be	607.0 be	576.3 e	569.5 e	631.6 e	646.5 e	503.0 be	507.6 e	572.1 b	631.3 b	689.5 	746.8 	814.2 	848.9 	917.6 	984.2 	1005.6 bd	990.9 d
A,THS_PER,ED5-8,HR	12.9 u	14.7 bu	14.7 bu	15.9 e	20.0 e	19.8 e	20.8 be	22.0 be	19.9 e	20.4 e	26.8 be	25.9 e	27.6 e	29.5 e	35.1 e	31.2 e	35.3 e	36.7 be	41.6 e
A,THS_PER,ED5-8,HU	57.7 e	55.5 be	63.6 e	63.8 e	63.9 e	63.4 e	64.6 e	56.6 b	70.7 	80.8 	93.0 b	100.6 	103.6 	100.3 	106.6 	97.0 e	111.3 e	127.0 be	129.5 e
A,THS_PER,ED5-8,IE	46.0 e	45.4 be	48.2 e	55.8 be	56.6 e	56.0 e	58.5 e	68.9 be	71.7 e	73.7 e	73.0 be	75.3 e	84.3 e	88.8 be	86.8 e	90.1 e	106.2 e	120.5 be	128.2 e
A,THS_PER,ED5-8,IS	: 	: 	: 	: 	: 	: 	: 	3.2 be	2.9 e	3.4 e	4.1 be	4.1 e	5.1 e	5.6 e	5.4 e	5.8 e	6.3 be	5.3 be	6.3 e
A,THS_PER,ED5-8,IT	127.0 be	151.0 be	168.7 e	180.9 e	190.7 e	189.5 e	186.2 e	191.7 be	204.2 e	226.3 e	240.9 be	251.1 e	258.7 e	274.3 e	288.2 e	304.9 e	328.1 e	350.9 be	356.6 e
A,THS_PER,ED5-8,LT	16.7 u	12.8 bu	10.1 u	14.6 u	17.2 u	16.5 e	17.7 e	17.1 be	18.7 	18.1 e	17.6 b	22.3 e	27.5 	30.8 	30.7 	35.0 e	38.0 	44.0 b	48.6 
A,THS_PER,ED5-8,LU	3.9 e	5.0 be	3.3 e	3.9 be	5.6 e	6.1 be	6.5 e	6.3 b	8.4 	7.9 	9.2 b	9.2 b	9.4 	8.0 e	11.9 e	13.8 e	14.2 	15.7 b	18.0 
A,THS_PER,ED5-8,LV	11.0 e	11.1 be	9.2 e	12.2 e	13.8 e	12.5 e	12.6 e	12.9 be	11.7 e	12.9 e	12.8 be	15.5 e	16.4 e	16.6 e	13.9 e	17.3 e	21.2 e	21.9 be	25.1 
A,THS_PER,ED5-8,ME	: 	: 	: 	: 	: 	: 	: 	2.1 be	2.4 e	3.0 e	3.1 be	3.5 e	2.8 e	3.2 e	3.1 e	3.3 e	3.2 e	: 	: 
A,THS_PER,ED5-8,MK	: 	: 	: 	: 	: 	: 	: 	4.2 be	4.2 	4.0 	5.6 be	7.2 	7.7 e	7.5 e	8.3 e	9.5 	11.4 e	: 	: 
A,THS_PER,ED5-8,MT	1.9 bu	1.4 be	1.1 e	2.8 e	2.8 e	2.1 e	2.4 e	3.0 be	3.1 e	2.7 	3.5 b	4.3 e	4.5 e	5.2 e	6.9 	6.5 	6.5 e	7.9 be	7.1 
A,THS_PER,ED5-8,NL	171.8 	163.4 be	158.4 be	149.9 	170.9 	170.6 e	181.0 e	201.8 be	203.0 	218.9 b	227.4 b	241.7 	251.9 	260.9 	285.1 	312.9 b	330.5 	375.3 b	421.1 
A,THS_PER,ED5-8,NO	: 	: 	: 	: 	: 	: 	: 	59.2 b	62.1 	68.1 	71.0 be	73.5 e	71.8 e	76.5 e	77.0 e	79.8 e	87.0 e	98.8 be	101.3 
A,THS_PER,ED5-8,PL	166.1 be	190.4 be	215.1 e	229.1 e	234.4 e	280.2 e	274.1 be	221.3 b	252.6 	265.6 	290.1 b	304.5 e	301.9 e	318.9 	353.7 	376.0 	401.8 e	421.1 b	438.6 
A,THS_PER,ED5-8,PT	34.6 be	38.5 be	43.6 e	47.1 e	44.5 e	54.0 e	57.5 e	38.1 be	40.5 e	42.6 e	68.4 be	68.9 e	71.7 e	69.0 e	79.9 e	101.4 e	113.2 e	137.1 b	140.4 
A,THS_PER,ED5-8,RO	: 	50.8 be	82.3 e	89.1 e	96.1 e	93.1 e	76.7 be	79.3 be	85.1 e	91.9 e	94.4 b	112.4 	117.3 	126.3 	132.2 	146.9 e	155.2 	156.1 be	166.0 e
A,THS_PER,ED5-8,RS	: 	: 	: 	: 	: 	: 	: 	: 	: 	20.8 e	23.4 b	34.1 e	36.4 e	37.4 	38.9 	43.2 e	45.6 e	53.0 b	62.1 
A,THS_PER,ED5-8,SE	91.5 e	103.1 be	110.2 be	116.0 e	128.5 e	131.8 e	133.8 e	129.2 b	134.1 	134.6 	143.2 b	154.4 	175.4 	195.0 	206.2 be	212.8 e	221.4 e	253.9 b	293.0 e
A,THS_PER,ED5-8,SI	10.5 e	13.4 be	13.9 e	14.5 e	15.0 e	16.1 e	15.0 e	16.1 b	15.5 	15.5 e	17.3 b	18.5 e	18.2 	23.3 	23.7 e	23.4 e	27.3 e	30.1 b	29.0 
A,THS_PER,ED5-8,SK	20.1 e	23.2 be	25.2 e	27.7 e	26.2 e	31.8 e	34.3 e	34.1 b	33.2 	31.0 e	39.5 be	42.1 	43.4 	44.4 	53.1 e	66.9 	69.8 	70.1 b	73.9 e
A,THS_PER,ED5-8,TR	: 	: 	: 	: 	: 	: 	: 	87.9 be	139.0 be	149.1 e	168.5 be	187.1 e	200.6 e	204.8 e	223.8 e	225.0 e	227.5 e	: 	: 
A,THS_PER,ED5-8,UK	: 	: 	: 	: 	: 	: 	: 	850.6 be	929.8 e	943.0 e	977.3 be	1045.1 e	1082.0 e	1105.7 e	1148.6 e	1213.0 e	: 	: 	: 
A,THS_PER,NRP,BE	: 	: bu	: 	: 	: 	: 	: 	: 	: 	: 	: 	: 	: 	: 	: 	: 	: 	: 	: 
A,THS_PER,NRP,CH	: 	: 	: 	: 	: 	: 	: 	1.1 bu	: u	: u	: bu	: u	: u	: u	: u	: u	: u	1.1 bu	1.7 u
A,THS_PER,NRP,CZ	: u	: 	: 	: 	: 	: 	: bu	: 	: 	: 	: 	: 	: 	: u	: u	: 	: 	: 	: 
A,THS_PER,NRP,DE	57.7 e	: bu	: bu	: 	: u	: u	: bu	: bu	: bu	: u	: bu	: u	: u	: u	: u	: u	: bu	: bu	: u
A,THS_PER,NRP,DK	: u	: bu	: u	2.5 bu	2.4 bu	3.3 u	3.0 u	2.3 bu	2.1 u	4.1 e	: bu	: u	2.8 bu	2.7 bu	: u	: u	: u	: bu	: u
A,THS_PER,NRP,EE	: 	: 	: 	: 	: 	: 	: 	: bu	: 	: 	: 	: 	: 	: 	: 	: 	: 	: 	: 
A,THS_PER,NRP,EU27_2020	63.8 e	4.5 be	5.0 e	7.5 e	9.2 e	10.3 e	10.1 e	8.6 be	9.1 e	14.1 e	8.6 be	11.4 e	14.1 e	14.8 e	12.8 e	15.8 e	20.1 e	18.1 be	16.5 e
A,THS_PER,NRP,FI	: 	: 	: 	: 	: 	: 	: 	: 	: 	: 	: 	: 	: u	: 	: 	: 	: 	: 	: 
A,THS_PER,NRP,FR	: 	: 	: 	: 	: 	: 	: 	: 	: 	0.7 bu	: bu	1.5 u	0.8 u	: u	: u	: u	: u	8.3 bdu	5.6 du
A,THS_PER,NRP,HR	: 	: 	: 	: 	: 	: 	: 	: 	: u	: u	: 	: 	: 	: 	: 	: 	: 	: 	: 
A,THS_PER,NRP,IE	: u	: bu	2.3 u	2.6 bu	2.4 u	3.1 u	3.2 e	: bu	: u	2.2 u	3.1 be	2.9 u	3.2 e	2.3 bu	2.5 u	: u	: u	: bu	: u
A,THS_PER,NRP,IS	: 	: 	: 	: 	: 	: 	: 	: bu	: u	: 	: 	: u	: 	: 	: 	: 	: 	: 	: 
A,THS_PER,NRP,LU	: 	: 	: 	: 	: 	: bu	: u	: bu	: u	: u	: bu	: bu	1.2 e	3.1 e	: u	: u	: u	: bu	0.8 u
A,THS_PER,NRP,LV	: 	: 	: 	: 	: 	: 	: 	: 	: 	: 	: 	: u	: 	: 	: 	: 	: u	: 	: 
A,THS_PER,NRP,NL	2.7 u	: bu	: bu	: u	: u	: u	1.7 u	3.0 be	4.1 e	4.7 be	2.1 bu	2.2 u	3.2 e	2.2 u	3.0 e	5.9 be	5.3 e	4.4 be	4.3 e
A,THS_PER,NRP,NO	: 	: 	: 	: 	: 	: 	: 	: 	: u	0.8 u	: 	: 	: 	: 	: 	: 	: u	: bu	: u
A,THS_PER,NRP,SE	: u	: bu	: bu	: u	: u	: u	: u	: bu	: u	: u	: bu	1.5 u	: u	1.2 u	: bu	: u	: u	: bu	: u
A,THS_PER,NRP,UK	: 	: 	: 	: 	: 	: 	: 	10.8 be	10.1 e	13.4 e	14.8 be	18.3 e	: u	: u	: u	: u	: 	: 	: 
